<?xml version="1.0" encoding="UTF-8" standalone="no"?>
<project default="create_run_jar" name="Create Runnable Jar for Project algorithms">
    <!--this file was created by Eclipse Runnable JAR Export Wizard-->
    <!--ANT 1.7 is required                                        -->
	<property name="v" value="1"/>
    <target name="create_run_jar">
        <jar destfile="/home/wliui/deployed/gpmtestsuite_${v}.jar" filesetmanifest="mergewithoutmain">
            <manifest>
                <attribute name="Built-By" value="${user.name}"/>
                <attribute name="Main-Class" value="uk.ac.essex.csp.algorithms.moead.gp.GPMOEADTestSuite"/>
                <attribute name="Class-Path" value="."/>
            </manifest>
            <fileset dir="/home/wliui/workspace/algorithms/bin"/>
            <zipfileset excludes="META-INF/*.SF" src="/usr/share/eclipse/3.4/eclipse/plugins/org.junit4_4.3.1/junit.jar"/>
            <zipfileset excludes="META-INF/*.SF" src="/usr/share/java/commons-cli.jar"/>
            <zipfileset excludes="META-INF/*.SF" src="/usr/share/java/commons-configuration.jar"/>
            <zipfileset excludes="META-INF/*.SF" src="/usr/share/java/commons-pool.jar"/>
            <zipfileset excludes="META-INF/*.SF" src="/usr/share/java/commons-math.jar"/>
            <zipfileset excludes="META-INF/*.SF" src="/usr/share/java/commons-lang.jar"/>
            <zipfileset excludes="META-INF/*.SF" src="/home/wliui/workspace/algorithms/flanagan.jar"/>
        </jar>
    	<copy file="/home/wliui/deployed/gpmtestsuite_${v}.jar" todir="/home/wliui/mdrive/deployed"/>
    	<copy file="ccode/Release/libgpegolib.so" todir="/home/wliui/deployed"/>
    </target>
</project>
