<?eclipse.ant.import?>
<project basedir="." default="deploy" name="algdeployment">
  <import file="build.xml"/>
  <property name="df" value="/home/wliui/phd/deployed/" />
  <taskdef name="one-jar"
	classname="com.simontuffs.onejar.ant.OneJarTask" classpath="/usr/share/java/one-jar-ant-task.jar" />
	
    <path id="copyfiles">
      <fileset dir="bin" />
    </path>
	
    <target name="deploy" depends="build">
    	<mkdir dir="${df}/gpmoead/bin"/>
    	
		<delete>
			<fileset dir="${df}/gpmoead/runtime/">
				<include name="*.jar"/>
			</fileset>
    	</delete>
		
    	<copy todir="${df}/gpmoead/bin" >
			<path refid="copyfiles"/>
		</copy>
    	
		<copy flatten = "true" todir="${df}/gpmoead/runtime" >
			<path refid = "Jarkata.Commons.userclasspath" />
			<fileset dir=".">
				<include name ="*.jar"/>
				<include name="*.dll"/>
				<include name="*.properties"/>
				<include name="*.cmd"/>
				<include name="*.sh"/>
				<include name="*.rc"/>
			</fileset>
			<fileset dir="ccode/Release">
				<include name="*.so"/>
			</fileset>
		</copy>
    	
    	<jar basedir="${df}/gpmoead/bin"
    		file="${df}/gpmoead/alg.jar" >
		  <manifest>
		    <attribute name="Main-Class" value="uk.ac.essex.csp.algorithms.moead.gp.GPMOEADTestSuite"/>
		  </manifest>
		</jar>
		<copy file="${df}/gpmoead/alg.jar"			
    		todir="${df}/gpmoead/runtime"/>
    	
		<one-jar destfile="${df}/gpmoead/runtime/alg-one.jar">
		  <main jar="${df}/gpmoead/runtime/alg.jar" />
		  <lib>
		    <fileset dir="${df}/gpmoead/runtime/">
		      <include name="*.jar"/>
		      <exclude name="alg.jar"/>
		      </fileset>
		    </lib>
		  <binlib>
		    <fileset dir="${df}/gpmoead/runtime/">
		      <include name="*.dll"/>
		      <include name="*.so"/>
		      </fileset>
		    </binlib>
		 </one-jar>
    	<delete>
		    <fileset dir="${df}/gpmoead/runtime/">
		      <include name="*.jar"/>
		      <exclude name="alg-one.jar"/>
		    </fileset>
    	</delete>
    </target>
	
	<target name="cleandeploy">
		<delete dir="${df}/gpmoead"/>
	</target>
	
</project>
